file_path,length
/line_1.png,156
/line_2.png,466
/line_3.png,398
/line_4.png,494
/line_5.png,191
/line_6.png,376
/line_7.png,363
/line_8.png,198
/line_9.png,268
/line_10.png,331
/line_11.png,204
/line_12.png,296
/line_13.png,147
/line_14.png,369
/line_15.png,301
/line_16.png,174
/line_17.png,291
/line_18.png,392
/line_19.png,253
/line_20.png,279
/line_21.png,400
/line_22.png,356
/line_23.png,69
/line_24.png,34
/line_25.png,266
/line_26.png,134
/line_27.png,130
/line_28.png,98
/line_29.png,434
/line_30.png,128
/line_31.png,112
/line_32.png,304
/line_33.png,437
/line_34.png,433
/line_35.png,364
/line_36.png,173
/line_37.png,224
/line_38.png,300
/line_39.png,82
/line_40.png,258
/line_41.png,307
/line_42.png,64
/line_43.png,382
/line_44.png,417
/line_45.png,275
/line_46.png,217
/line_47.png,307
/line_48.png,402
/line_49.png,155
/line_50.png,229
/line_51.png,288
/line_52.png,244
/line_53.png,224
/line_54.png,313
/line_55.png,218
/line_56.png,275
/line_57.png,268
/line_58.png,327
/line_59.png,302
/line_60.png,177
/line_61.png,279
/line_62.png,255
/line_63.png,424
/line_64.png,364
/line_65.png,469
/line_66.png,544
/line_67.png,112
/line_68.png,327
/line_69.png,550
/line_70.png,283
/line_71.png,401
/line_72.png,173
/line_73.png,109
/line_74.png,188
/line_75.png,217
/line_76.png,247
/line_77.png,218
/line_78.png,268
/line_79.png,223
/line_80.png,401
/line_81.png,46
/line_82.png,161
/line_83.png,48
/line_84.png,280
/line_85.png,106
/line_86.png,47
/line_87.png,283
/line_88.png,503
/line_89.png,122
/line_90.png,406
/line_91.png,340
/line_92.png,193
/line_93.png,430
/line_94.png,509
/line_95.png,342
/line_96.png,330
/line_97.png,530
/line_98.png,469
/line_99.png,382
/line_100.png,360
/line_101.png,500
/line_102.png,169
/line_103.png,325
/line_104.png,275
/line_105.png,286
/line_106.png,211
/line_107.png,223
/line_108.png,271
/line_109.png,272
/line_110.png,315
/line_111.png,307
/line_112.png,348
/line_113.png,357
/line_114.png,283
/line_115.png,420
/line_116.png,174
/line_117.png,148
/line_118.png,323
/line_119.png,269
/line_120.png,433
/line_121.png,227
/line_122.png,84
/line_123.png,232
/line_124.png,84
/line_125.png,106
/line_126.png,328
/line_127.png,188
/line_128.png,494
/line_129.png,81
/line_130.png,380
/line_131.png,163
/line_132.png,452
/line_133.png,152
/line_134.png,123
/line_135.png,433
/line_136.png,66
/line_137.png,187
/line_138.png,151
/line_139.png,213
/line_140.png,220
/line_141.png,437
/line_142.png,175
/line_143.png,222
/line_144.png,127
/line_145.png,72
/line_146.png,258
/line_147.png,172
/line_148.png,93
/line_149.png,354
/line_150.png,414
/line_151.png,258
/line_152.png,235
/line_153.png,392
/line_154.png,49
/line_155.png,366
/line_156.png,391
/line_157.png,46
/line_158.png,52
/line_159.png,424
/line_160.png,574
/line_161.png,231
/line_162.png,270
/line_163.png,429
/line_164.png,262
/line_165.png,212
/line_166.png,289
/line_167.png,192
/line_168.png,204
/line_169.png,263
/line_170.png,156
/line_171.png,291
/line_172.png,241
/line_173.png,410
/line_174.png,563
/line_175.png,350
/line_176.png,295
/line_177.png,154
/line_178.png,296
/line_179.png,335
/line_180.png,208
/line_181.png,149
/line_182.png,264
/line_183.png,114
/line_184.png,272
/line_185.png,327
/line_186.png,167
/line_187.png,174
/line_188.png,294
/line_189.png,456
/line_190.png,69
/line_191.png,93
/line_192.png,295
/line_193.png,81
/line_194.png,304
/line_195.png,106
/line_196.png,299
/line_197.png,317
/line_198.png,333
/line_199.png,288
/line_200.png,331
/line_201.png,166
/line_202.png,428
/line_203.png,102
/line_204.png,53
/line_205.png,367
/line_206.png,513
/line_207.png,156
/line_208.png,191
/line_209.png,202
/line_210.png,381
/line_211.png,300
/line_212.png,358
/line_213.png,172
/line_214.png,206
/line_215.png,126
/line_216.png,156
/line_217.png,262
/line_218.png,343
/line_219.png,339
/line_220.png,168
/line_221.png,104
/line_222.png,369
/line_223.png,390
/line_224.png,33
/line_225.png,244
/line_226.png,437
/line_227.png,479
/line_228.png,314
/line_229.png,197
/line_230.png,58
/line_231.png,241
/line_232.png,201
/line_233.png,285
/line_234.png,215
/line_235.png,124
/line_236.png,178
/line_237.png,91
/line_238.png,386
/line_239.png,130
/line_240.png,367
/line_241.png,314
/line_242.png,492
/line_243.png,466
/line_244.png,432
/line_245.png,392
/line_246.png,260
/line_247.png,95
/line_248.png,82
/line_249.png,145
/line_250.png,95
/line_251.png,334
/line_252.png,271
/line_253.png,130
/line_254.png,487
/line_255.png,212
/line_256.png,226
/line_257.png,293
/line_258.png,289
/line_259.png,251
/line_260.png,219
/line_261.png,333
/line_262.png,75
/line_263.png,128
/line_264.png,474
/line_265.png,66
/line_266.png,413
/line_267.png,271
/line_268.png,204
/line_269.png,198
/line_270.png,346
/line_271.png,556
/line_272.png,470
/line_273.png,133
/line_274.png,167
/line_275.png,517
/line_276.png,476
/line_277.png,342
/line_278.png,54
/line_279.png,318
/line_280.png,96
/line_281.png,311
/line_282.png,440
/line_283.png,308
/line_284.png,461
/line_285.png,300
/line_286.png,131
/line_287.png,206
/line_288.png,388
/line_289.png,302
/line_290.png,397
/line_291.png,66
/line_292.png,400
/line_293.png,107
/line_294.png,391
/line_295.png,293
/line_296.png,131
/line_297.png,323
/line_298.png,477
/line_299.png,304
/line_300.png,312
/line_301.png,330
/line_302.png,95
/line_303.png,163
/line_304.png,297
/line_305.png,200
/line_306.png,81
/line_307.png,412
/line_308.png,356
/line_309.png,237
/line_310.png,185
/line_311.png,152
/line_312.png,276
/line_313.png,248
/line_314.png,379
/line_315.png,96
/line_316.png,554
/line_317.png,214
/line_318.png,354
/line_319.png,297
/line_320.png,305
/line_321.png,324
/line_322.png,537
/line_323.png,249
/line_324.png,291
/line_325.png,336
/line_326.png,44
/line_327.png,278
/line_328.png,237
/line_329.png,257
/line_330.png,516
/line_331.png,498
/line_332.png,284
/line_333.png,480
/line_334.png,187
/line_335.png,113
/line_336.png,116
/line_337.png,117
/line_338.png,361
/line_339.png,244
/line_340.png,371
/line_341.png,256
/line_342.png,223
/line_343.png,278
/line_344.png,181
/line_345.png,171
/line_346.png,486
/line_347.png,322
/line_348.png,417
/line_349.png,331
/line_350.png,332
/line_351.png,214
/line_352.png,193
/line_353.png,276
/line_354.png,267
/line_355.png,252
/line_356.png,208
/line_357.png,341
/line_358.png,492
/line_359.png,258
/line_360.png,251
/line_361.png,227
/line_362.png,375
/line_363.png,205
/line_364.png,264
/line_365.png,249
/line_366.png,102
/line_367.png,141
/line_368.png,255
/line_369.png,203
/line_370.png,175
/line_371.png,421
/line_372.png,313
/line_373.png,167
/line_374.png,56
/line_375.png,198
/line_376.png,214
/line_377.png,181
/line_378.png,416
/line_379.png,101
/line_380.png,441
/line_381.png,420
/line_382.png,534
/line_383.png,304
/line_384.png,460
/line_385.png,335
/line_386.png,247
/line_387.png,408
/line_388.png,281
/line_389.png,69
/line_390.png,425
/line_391.png,538
/line_392.png,439
/line_393.png,232
/line_394.png,175
/line_395.png,42
/line_396.png,322
/line_397.png,117
/line_398.png,162
/line_399.png,376
/line_400.png,427
/line_401.png,228
/line_402.png,256
/line_403.png,182
/line_404.png,265
/line_405.png,316
/line_406.png,76
/line_407.png,298
/line_408.png,364
/line_409.png,409
/line_410.png,329
/line_411.png,489
/line_412.png,180
/line_413.png,327
/line_414.png,459
/line_415.png,266
/line_416.png,243
/line_417.png,428
/line_418.png,151
/line_419.png,369
/line_420.png,360
/line_421.png,245
/line_422.png,273
/line_423.png,268
/line_424.png,30
/line_425.png,89
/line_426.png,225
/line_427.png,590
/line_428.png,161
/line_429.png,347
/line_430.png,171
/line_431.png,274
/line_432.png,175
/line_433.png,279
/line_434.png,317
/line_435.png,131
/line_436.png,117
/line_437.png,398
/line_438.png,491
/line_439.png,75
/line_440.png,144
/line_441.png,490
/line_442.png,204
/line_443.png,397
/line_444.png,204
/line_445.png,119
/line_446.png,253
/line_447.png,209
/line_448.png,381
/line_449.png,350
/line_450.png,349
/line_451.png,278
/line_452.png,80
/line_453.png,280
/line_454.png,399
/line_455.png,343
/line_456.png,127
/line_457.png,240
/line_458.png,221
/line_459.png,459
/line_460.png,192
/line_461.png,218
/line_462.png,151
/line_463.png,224
/line_464.png,111
/line_465.png,431
/line_466.png,176
/line_467.png,178
/line_468.png,261
/line_469.png,394
/line_470.png,137
/line_471.png,381
/line_472.png,242
/line_473.png,255
/line_474.png,133
/line_475.png,133
/line_476.png,270
/line_477.png,232
/line_478.png,156
/line_479.png,391
/line_480.png,167
/line_481.png,175
/line_482.png,388
/line_483.png,464
/line_484.png,112
/line_485.png,294
/line_486.png,243
/line_487.png,206
/line_488.png,210
/line_489.png,343
/line_490.png,409
/line_491.png,567
/line_492.png,264
/line_493.png,391
/line_494.png,430
/line_495.png,324
/line_496.png,401
/line_497.png,348
/line_498.png,390
/line_499.png,366
/line_500.png,299
